﻿pos_x,pos_y,rotation,side,designator,mpn,pack,value,mount_type,place
141.605,-129.58,-90.0,top,C1,,C_Disc_D5.0mm_W2.5mm_P5.00mm,0.1uF,tht,True
116.205,-130.175,-90.0,top,C2,,C_Disc_D5.0mm_W2.5mm_P5.00mm,0.1uF,tht,True
188.595,-76.835,-90.0,top,C33,,C_Disc_D5.0mm_W2.5mm_P5.00mm,0.1uF,tht,True
188.595,-69.255,-90.0,top,C35,,C_Disc_D5.0mm_W2.5mm_P5.00mm,0.1uF,tht,True
112.395,-73.66,-90.0,top,C4,,C_Disc_D5.0mm_W2.5mm_P5.00mm,0.1uF,tht,True
129.4314,-64.77,180.0,top,C40,,CP_Radial_D7.5mm_P2.50mm,100uF,tht,True
117.515,-72.39,0.0,top,C53,,C_Disc_D5.0mm_W2.5mm_P5.00mm,0.1uF,tht,True
116.205,-85.09,180.0,top,C55,,C_Disc_D5.0mm_W2.5mm_P5.00mm,0.1uF,tht,True
108.585,-93.385,-90.0,top,C6,,C_Disc_D5.0mm_W2.5mm_P5.00mm,0.1uF,tht,True
108.585,-105.45,-90.0,top,C7,,C_Disc_D5.0mm_W2.5mm_P5.00mm,0.1uF,tht,True
108.585,-117.515,-90.0,top,C8,,C_Disc_D5.0mm_W2.5mm_P5.00mm,0.1uF,tht,True
147.24,-72.39,180.0,top,C9,,C_Disc_D5.0mm_W2.5mm_P5.00mm,0.1uF,tht,True
188.595,-62.865,180.0,top,D1,,D_DO-41_SOD81_P10.16mm_Horizontal,1N5817,tht,True
187.96,-149.225,90.0,top,G0,,logo_small,LOGO,tht,False
173.355,-131.445,0.0,top,G2,,logo_medium,LOGO,tht,False
164.465,-62.865,90.0,top,JP1,,PinHeader_1x02_P2.54mm_Vertical,Jumper_2_Open,tht,True
108.585,-128.905,0.0,top,JP10,,PinHeader_1x02_P2.54mm_Vertical,Jumper_2_Open,tht,True
141.605,-113.665,90.0,top,JP101,,PinHeader_1x03_P2.54mm_Vertical,J3_C12,tht,True
141.605,-108.585,90.0,top,JP102,,PinHeader_1x03_P2.54mm_Vertical,J3_C12,tht,True
161.925,-125.095,180.0,top,JP103,,PinHeader_1x03_P2.54mm_Vertical,J3_C12,tht,True
156.21,-125.08,180.0,top,JP104,,PinHeader_1x03_P2.54mm_Vertical,J3_C12,tht,True
141.605,-103.505,90.0,top,JP105,,PinHeader_1x03_P2.54mm_Vertical,J3_C12,tht,True
141.605,-98.425,90.0,top,JP106,,PinHeader_1x03_P2.54mm_Vertical,J3_C12,tht,True
150.495,-125.08,180.0,top,JP107,,PinHeader_1x03_P2.54mm_Vertical,J3_C12,tht,True
144.78,-125.08,180.0,top,JP108,,PinHeader_1x03_P2.54mm_Vertical,J3_C12,tht,True
152.4,-92.71,90.0,top,JP109,,PinHeader_1x03_P2.54mm_Vertical,J3_C12,tht,True
108.585,-137.795,0.0,top,JP11,,PinHeader_1x02_P2.54mm_Vertical,Jumper_2_Open,tht,True
152.4,-87.63,90.0,top,JP110,,PinHeader_1x03_P2.54mm_Vertical,J3_C12,tht,True
152.4,-82.55,90.0,top,JP111,,PinHeader_1x03_P2.54mm_Vertical,J3_C12,tht,True
152.4,-77.47,90.0,top,JP112,,PinHeader_1x03_P2.54mm_Vertical,J3_C12,tht,True
112.395,-62.865,0.0,top,JP12,,PinHeader_1x02_P2.54mm_Vertical,Jumper_2_Bridged,tht,True
145.415,-141.605,90.0,top,JP2,,PinHeader_1x03_P2.54mm_Vertical,J3_C12,tht,True
120.015,-62.865,0.0,top,JP3,,PinHeader_1x02_P2.54mm_Vertical,Jumper_2_Open,tht,True
156.845,-72.39,180.0,top,JP4,,PinHeader_1x04_P2.54mm_Vertical,jp_ser_4pin_23cl,tht,True
91.44,-104.14,0.0,top,P1,,CocoCardEdge,CocoEdgeConnector,tht,True
186.69,-134.62,0.0,top,P10,,PinHeader_1x04_P2.54mm_Vertical,Power Bus,tht,True
153.67,-97.79,0.0,top,P2,,PinHeader_2x08_P2.54mm_Vertical,3.3V Address Bus,tht,True
134.62,-62.865,90.0,top,P3,,PinHeader_1x08_P2.54mm_Vertical,3.3V Data Bus,tht,True
151.13,-67.945,-90.0,top,P4,,PinHeader_1x05_P2.54mm_Vertical,Debug,tht,True
114.935,-141.605,0.0,top,R1,,R_Axial_DIN0207_L6.3mm_D2.5mm_P10.16mm_Horizontal,2.2K,tht,True
128.905,-141.605,0.0,top,R2,,R_Axial_DIN0207_L6.3mm_D2.5mm_P10.16mm_Horizontal,2.2K,tht,True
112.395,-138.43,90.0,top,R3,,R_Axial_DIN0207_L6.3mm_D2.5mm_P10.16mm_Horizontal,2.2K,tht,True
125.095,-71.12,0.0,top,R4,,R_Axial_DIN0207_L6.3mm_D2.5mm_P10.16mm_Horizontal,10k,tht,True
152.4,-72.39,0.0,top,TP1,,PinHeader_1x01_P2.54mm_Vertical,TestPoint,tht,True
188.595,-87.63,0.0,top,TP2,,PinHeader_1x01_P2.54mm_Vertical,TestPoint,tht,True
144.78,-137.16,90.0,top,U1,,DIP-16_W7.62mm_Socket_LongPads,74LS133,tht,True
120.015,-137.795,90.0,top,U2,,DIP-14_W7.62mm_Socket_LongPads,74LS06,tht,True
173.355,-90.805,0.0,top,U3,,RPi_PicoW_SMD_TH,PicoW,tht,True
112.395,-88.9,90.0,top,U4,SN74LVC245AN,DIP-20_W7.62mm_Socket_LongPads,SN74LVC245A,tht,True
125.73,-80.44,90.0,top,U5,,SOIC-24W_7.5x15.4mm_P1.27mm,SN74LVC4245A,smt,True
112.395,-100.965,90.0,top,U6,SN74LVC245AN,DIP-20_W7.62mm_Socket_LongPads,SN74LVC245A,tht,True
112.395,-113.03,90.0,top,U7,SN74LVC245AN,DIP-20_W7.62mm_Socket_LongPads,SN74LVC245A,tht,True
112.395,-125.095,90.0,top,U8,SN74LVC245AN,DIP-20_W7.62mm_Socket_LongPads,SN74LVC245A,tht,True
139.66,-75.565,0.0,top,U9,,DIP-16_W7.62mm_Socket_LongPads,74LS138,tht,True
