﻿designator,quantity,value,pack,mpn,mount_type
"C1, C2, C33, C35, C4, C53, C55, C6, C7, C8, C9",11,0.1uF,C_Disc_D5.0mm_W2.5mm_P5.00mm,,tht
C40,1,100uF,CP_Radial_D7.5mm_P2.50mm,,tht
D1,1,1N5817,D_DO-41_SOD81_P10.16mm_Horizontal,,tht
G0,1,LOGO,logo_small,,tht
G2,1,LOGO,logo_medium,,tht
"JP1, JP10, JP11, JP3",4,Jumper_2_Open,PinHeader_1x02_P2.54mm_Vertical,,tht
"JP101, JP102, JP103, JP104, JP105, JP106, JP107, JP108, JP109, JP110, JP111, JP112, JP2",13,J3_C12,PinHeader_1x03_P2.54mm_Vertical,,tht
JP12,1,Jumper_2_Bridged,PinHeader_1x02_P2.54mm_Vertical,,tht
JP4,1,jp_ser_4pin_23cl,PinHeader_1x04_P2.54mm_Vertical,,tht
P1,1,CocoEdgeConnector,CocoCardEdge,,tht
P10,1,Power Bus,PinHeader_1x04_P2.54mm_Vertical,,tht
P2,1,3.3V Address Bus,PinHeader_2x08_P2.54mm_Vertical,,tht
P3,1,3.3V Data Bus,PinHeader_1x08_P2.54mm_Vertical,,tht
P4,1,Debug,PinHeader_1x05_P2.54mm_Vertical,,tht
"R1, R2, R3",3,2.2K,R_Axial_DIN0207_L6.3mm_D2.5mm_P10.16mm_Horizontal,,tht
R4,1,10k,R_Axial_DIN0207_L6.3mm_D2.5mm_P10.16mm_Horizontal,,tht
"TP1, TP2",2,TestPoint,PinHeader_1x01_P2.54mm_Vertical,,tht
U1,1,74LS133,DIP-16_W7.62mm_Socket_LongPads,,tht
U2,1,74LS06,DIP-14_W7.62mm_Socket_LongPads,,tht
U3,1,PicoW,RPi_PicoW_SMD_TH,,tht
"U4, U6, U7, U8",4,SN74LVC245A,DIP-20_W7.62mm_Socket_LongPads,SN74LVC245AN,tht
U5,1,SN74LVC4245A,SOIC-24W_7.5x15.4mm_P1.27mm,,smt
U9,1,74LS138,DIP-16_W7.62mm_Socket_LongPads,,tht
